,,,,,,,,,,,,,,,
,,,,,,,,,,,,,,,
,RF,,,,RF,,,,RF,,,,RF,,
,,CHANNEL,D4000,,,CHANNEL,D4200,,,CHANNEL,D4400,Тайм-аут отключения контроля отбраковки при отсутсвтрии проезда в обратную сторону 100ms BCD,,BOOL,H30.00
,,CHANNEL,D4001,,,CHANNEL,D4201,,,CHANNEL,D4401,Тайм-аут длительности движения отбракованного ведёрка вместе с основным движением 100ms BCD,,BOOL,H30.01
,,CHANNEL,D4002,,,CHANNEL,D4202,,,CHANNEL,D4402,Тайм-аут длительности толкания ведёрок отбраковкой 100ms BCD,,BOOL,H30.02
,,CHANNEL,D4003,,,CHANNEL,D4203,,,CHANNEL,D4403,Тайм-аут длительности звукового сигнала отбраковки 100ms BCD,,BOOL,H30.03
,,CHANNEL,D4004,,,CHANNEL,D4204,,,CHANNEL,D4404,Тайм-аут контроля что конвейер не поехал по циклу 100ms BCD,,BOOL,H30.04
,,CHANNEL,D4005,,,CHANNEL,D4205,,,CHANNEL,D4405,,,BOOL,H30.05
,,CHANNEL,D4006,,,CHANNEL,D4206,,,CHANNEL,D4406,,,BOOL,H30.06
,,CHANNEL,D4007,,,CHANNEL,D4207,,,CHANNEL,D4407,,,BOOL,H30.07
,,CHANNEL,D4008,,,CHANNEL,D4208,,,CHANNEL,D4408,,,BOOL,H30.08
,,CHANNEL,D4009,,,CHANNEL,D4209,,,CHANNEL,D4409,,,BOOL,H30.09
,,CHANNEL,D4010,,,CHANNEL,D4210,,,CHANNEL,D4410,,,BOOL,H30.10
,,CHANNEL,D4011,,,CHANNEL,D4211,,,CHANNEL,D4411,,,BOOL,H30.11
,,CHANNEL,D4012,,,CHANNEL,D4212,,,CHANNEL,D4412,,,BOOL,H30.12
,,CHANNEL,D4013,,,CHANNEL,D4213,,,CHANNEL,D4413,,,BOOL,H30.13
,,CHANNEL,D4014,,,CHANNEL,D4214,,,CHANNEL,D4414,,,BOOL,H30.14
,,CHANNEL,D4015,,,CHANNEL,D4215,,,CHANNEL,D4415,,,BOOL,H30.15
,,CHANNEL,D4016,,,CHANNEL,D4216,,,CHANNEL,D4416,,,BOOL,H31.00
,,CHANNEL,D4017,,,CHANNEL,D4217,,,CHANNEL,D4417,,,BOOL,H31.01
,,CHANNEL,D4018,,,CHANNEL,D4218,,,CHANNEL,D4418,,,BOOL,H31.02
,,CHANNEL,D4019,,,CHANNEL,D4219,,,CHANNEL,D4419,,,BOOL,H31.03
,,CHANNEL,D4020,,,CHANNEL,D4220,,,CHANNEL,D4420,,,BOOL,H31.04
,,CHANNEL,D4021,,,CHANNEL,D4221,,,CHANNEL,D4421,,,BOOL,H31.05
,,CHANNEL,D4022,,,CHANNEL,D4222,,,CHANNEL,D4422,,,BOOL,H31.06
,,CHANNEL,D4023,,,CHANNEL,D4223,,,CHANNEL,D4423,,,BOOL,H31.07
,,CHANNEL,D4024,,,CHANNEL,D4224,,,CHANNEL,D4424,,,BOOL,H31.08
,,CHANNEL,D4025,,,CHANNEL,D4225,,,CHANNEL,D4425,,,BOOL,H31.09
,,CHANNEL,D4026,,,CHANNEL,D4226,,,CHANNEL,D4426,,,BOOL,H31.10
,,CHANNEL,D4027,,,CHANNEL,D4227,,,CHANNEL,D4427,,,BOOL,H31.11
,,CHANNEL,D4028,,,CHANNEL,D4228,,,CHANNEL,D4428,,,BOOL,H31.12
,,CHANNEL,D4029,,,CHANNEL,D4229,,,CHANNEL,D4429,,,BOOL,H31.13
,,CHANNEL,D4030,,,CHANNEL,D4230,,,CHANNEL,D4430,,,BOOL,H31.14
,,CHANNEL,D4031,,,CHANNEL,D4231,,,CHANNEL,D4431,,,BOOL,H31.15
,,CHANNEL,D4032,,,CHANNEL,D4232,,,CHANNEL,D4432,,,BOOL,H32.00
,,CHANNEL,D4033,,,CHANNEL,D4233,,,CHANNEL,D4433,,,BOOL,H32.01
,,CHANNEL,D4034,,,CHANNEL,D4234,,,CHANNEL,D4434,,,BOOL,H32.02
,,CHANNEL,D4035,,,CHANNEL,D4235,,,CHANNEL,D4435,,,BOOL,H32.03
,,CHANNEL,D4036,,,CHANNEL,D4236,,,CHANNEL,D4436,,,BOOL,H32.04
,,CHANNEL,D4037,,,CHANNEL,D4237,,,CHANNEL,D4437,,,BOOL,H32.05
,,CHANNEL,D4038,,,CHANNEL,D4238,,,CHANNEL,D4438,,,BOOL,H32.06
,,CHANNEL,D4039,,,CHANNEL,D4239,,,CHANNEL,D4439,,,BOOL,H32.07
,,CHANNEL,D4040,,,CHANNEL,D4240,,,CHANNEL,D4440,,,BOOL,H32.08
,,CHANNEL,D4041,,,CHANNEL,D4241,,,CHANNEL,D4441,,,BOOL,H32.09
,,CHANNEL,D4042,,,CHANNEL,D4242,,,CHANNEL,D4442,,,BOOL,H32.10
,,CHANNEL,D4043,,,CHANNEL,D4243,,,CHANNEL,D4443,,,BOOL,H32.11
,,CHANNEL,D4044,,,CHANNEL,D4244,,,CHANNEL,D4444,,,BOOL,H32.12
,,CHANNEL,D4045,,,CHANNEL,D4245,,,CHANNEL,D4445,,,BOOL,H32.13
,,CHANNEL,D4046,,,CHANNEL,D4246,,,CHANNEL,D4446,,,BOOL,H32.14
,,CHANNEL,D4047,,,CHANNEL,D4247,,,CHANNEL,D4447,,,BOOL,H32.15
,,CHANNEL,D4048,,,CHANNEL,D4248,,,CHANNEL,D4448,,,BOOL,H33.00
,,CHANNEL,D4049,,,CHANNEL,D4249,,,CHANNEL,D4449,,,BOOL,H33.01
,,CHANNEL,D4050,,,CHANNEL,D4250,,,CHANNEL,D4450,,,BOOL,H33.02
,,CHANNEL,D4051,,,CHANNEL,D4251,,,CHANNEL,D4451,,,BOOL,H33.03
,,CHANNEL,D4052,,,CHANNEL,D4252,,,CHANNEL,D4452,,,BOOL,H33.04
,,CHANNEL,D4053,,,CHANNEL,D4253,,,CHANNEL,D4453,,,BOOL,H33.05
,,CHANNEL,D4054,,,CHANNEL,D4254,,,CHANNEL,D4454,,,BOOL,H33.06
,,CHANNEL,D4055,,,CHANNEL,D4255,,,CHANNEL,D4455,,,BOOL,H33.07
,,CHANNEL,D4056,,,CHANNEL,D4256,,,CHANNEL,D4456,,,BOOL,H33.08
,,CHANNEL,D4057,,,CHANNEL,D4257,,,CHANNEL,D4457,,,BOOL,H33.09
,,CHANNEL,D4058,,,CHANNEL,D4258,,,CHANNEL,D4458,,,BOOL,H33.10
,,CHANNEL,D4059,,,CHANNEL,D4259,,,CHANNEL,D4459,,,BOOL,H33.11
,,CHANNEL,D4060,,,CHANNEL,D4260,,,CHANNEL,D4460,,,BOOL,H33.12
,,CHANNEL,D4061,,,CHANNEL,D4261,,,CHANNEL,D4461,,,BOOL,H33.13
,,CHANNEL,D4062,,,CHANNEL,D4262,,,CHANNEL,D4462,,,BOOL,H33.14
,,CHANNEL,D4063,,,CHANNEL,D4263,,,CHANNEL,D4463,,,BOOL,H33.15
,,CHANNEL,D4064,,,CHANNEL,D4264,,,CHANNEL,D4464,,,BOOL,H34.00
,,CHANNEL,D4065,,,CHANNEL,D4265,,,CHANNEL,D4465,,,BOOL,H34.01
,,CHANNEL,D4066,,,CHANNEL,D4266,,,CHANNEL,D4466,,,BOOL,H34.02
,,CHANNEL,D4067,,,CHANNEL,D4267,,,CHANNEL,D4467,,,BOOL,H34.03
,,CHANNEL,D4068,,,CHANNEL,D4268,,,CHANNEL,D4468,,,BOOL,H34.04
,,CHANNEL,D4069,,,CHANNEL,D4269,,,CHANNEL,D4469,,,BOOL,H34.05
,,CHANNEL,D4070,,,CHANNEL,D4270,,,CHANNEL,D4470,,,BOOL,H34.06
,,CHANNEL,D4071,,,CHANNEL,D4271,,,CHANNEL,D4471,,,BOOL,H34.07
,,CHANNEL,D4072,,,CHANNEL,D4272,,,CHANNEL,D4472,,,BOOL,H34.08
,,CHANNEL,D4073,,,CHANNEL,D4273,,,CHANNEL,D4473,,,BOOL,H34.09
,,CHANNEL,D4074,,,CHANNEL,D4274,,,CHANNEL,D4474,,,BOOL,H34.10
,,CHANNEL,D4075,,,CHANNEL,D4275,,,CHANNEL,D4475,,,BOOL,H34.11
,,CHANNEL,D4076,,,CHANNEL,D4276,,,CHANNEL,D4476,,,BOOL,H34.12
,,CHANNEL,D4077,,,CHANNEL,D4277,,,CHANNEL,D4477,,,BOOL,H34.13
,,CHANNEL,D4078,,,CHANNEL,D4278,,,CHANNEL,D4478,,,BOOL,H34.14
,,CHANNEL,D4079,,,CHANNEL,D4279,,,CHANNEL,D4479,,,BOOL,H34.15
,,CHANNEL,D4080,,,CHANNEL,D4280,,,CHANNEL,D4480,,,BOOL,H35.00
,,CHANNEL,D4081,,,CHANNEL,D4281,,,CHANNEL,D4481,,,BOOL,H35.01
,,CHANNEL,D4082,,,CHANNEL,D4282,,,CHANNEL,D4482,,,BOOL,H35.02
,,CHANNEL,D4083,,,CHANNEL,D4283,,,CHANNEL,D4483,,,BOOL,H35.03
,,CHANNEL,D4084,,,CHANNEL,D4284,,,CHANNEL,D4484,,,BOOL,H35.04
,,CHANNEL,D4085,,,CHANNEL,D4285,,,CHANNEL,D4485,,,BOOL,H35.05
,,CHANNEL,D4086,,,CHANNEL,D4286,,,CHANNEL,D4486,,,BOOL,H35.06
,,CHANNEL,D4087,,,CHANNEL,D4287,,,CHANNEL,D4487,,,BOOL,H35.07
,,CHANNEL,D4088,,,CHANNEL,D4288,,,CHANNEL,D4488,,,BOOL,H35.08
,,CHANNEL,D4089,,,CHANNEL,D4289,,,CHANNEL,D4489,,,BOOL,H35.09
,,CHANNEL,D4090,,,CHANNEL,D4290,,,CHANNEL,D4490,,,BOOL,H35.10
,,CHANNEL,D4091,,,CHANNEL,D4291,,,CHANNEL,D4491,,,BOOL,H35.11
,,CHANNEL,D4092,,,CHANNEL,D4292,,,CHANNEL,D4492,,,BOOL,H35.12
,,CHANNEL,D4093,,,CHANNEL,D4293,,,CHANNEL,D4493,,,BOOL,H35.13
,,CHANNEL,D4094,,,CHANNEL,D4294,,,CHANNEL,D4494,,,BOOL,H35.14
,,CHANNEL,D4095,,,CHANNEL,D4295,,,CHANNEL,D4495,,,BOOL,H35.15
,,CHANNEL,D4096,,,CHANNEL,D4296,,,CHANNEL,D4496,,,BOOL,H36.00
,,CHANNEL,D4097,,,CHANNEL,D4297,,,CHANNEL,D4497,,,BOOL,H36.01
,,CHANNEL,D4098,,,CHANNEL,D4298,,,CHANNEL,D4498,,,BOOL,H36.02
,,CHANNEL,D4099,,,CHANNEL,D4299,,,CHANNEL,D4499,,,BOOL,H36.03
,,CHANNEL,D4100,,,CHANNEL,D4300,,,CHANNEL,D4500,,,BOOL,H36.04
,,CHANNEL,D4101,,,CHANNEL,D4301,,,CHANNEL,D4501,,,BOOL,H36.05
,,CHANNEL,D4102,,,CHANNEL,D4302,,,CHANNEL,D4502,,,BOOL,H36.06
,,CHANNEL,D4103,,,CHANNEL,D4303,,,CHANNEL,D4503,,,BOOL,H36.07
,,CHANNEL,D4104,,,CHANNEL,D4304,,,CHANNEL,D4504,,,BOOL,H36.08
,,CHANNEL,D4105,,,CHANNEL,D4305,,,CHANNEL,D4505,,,BOOL,H36.09
,,CHANNEL,D4106,,,CHANNEL,D4306,,,CHANNEL,D4506,,,BOOL,H36.10
,,CHANNEL,D4107,,,CHANNEL,D4307,,,CHANNEL,D4507,,,BOOL,H36.11
,,CHANNEL,D4108,,,CHANNEL,D4308,,,CHANNEL,D4508,,,BOOL,H36.12
,,CHANNEL,D4109,,,CHANNEL,D4309,,,CHANNEL,D4509,,,BOOL,H36.13
,,CHANNEL,D4110,,,CHANNEL,D4310,,,CHANNEL,D4510,,,BOOL,H36.14
,,CHANNEL,D4111,,,CHANNEL,D4311,,,CHANNEL,D4511,,,BOOL,H36.15
,,CHANNEL,D4112,,,CHANNEL,D4312,,,CHANNEL,D4512,,,BOOL,H37.00
,,CHANNEL,D4113,,,CHANNEL,D4313,,,CHANNEL,D4513,,,BOOL,H37.01
,,CHANNEL,D4114,,,CHANNEL,D4314,,,CHANNEL,D4514,,,BOOL,H37.02
,,CHANNEL,D4115,,,CHANNEL,D4315,,,CHANNEL,D4515,,,BOOL,H37.03
,,CHANNEL,D4116,,,CHANNEL,D4316,,,CHANNEL,D4516,,,BOOL,H37.04
,,CHANNEL,D4117,,,CHANNEL,D4317,,,CHANNEL,D4517,,,BOOL,H37.05
,,CHANNEL,D4118,,,CHANNEL,D4318,,,CHANNEL,D4518,,,BOOL,H37.06
,,CHANNEL,D4119,,,CHANNEL,D4319,,,CHANNEL,D4519,,,BOOL,H37.07
,,CHANNEL,D4120,,,CHANNEL,D4320,,,CHANNEL,D4520,,,BOOL,H37.08
,,CHANNEL,D4121,,,CHANNEL,D4321,,,CHANNEL,D4521,,,BOOL,H37.09
,,CHANNEL,D4122,,,CHANNEL,D4322,,,CHANNEL,D4522,,,BOOL,H37.10
,,CHANNEL,D4123,,,CHANNEL,D4323,,,CHANNEL,D4523,,,BOOL,H37.11
,,CHANNEL,D4124,,,CHANNEL,D4324,,,CHANNEL,D4524,,,BOOL,H37.12
,,CHANNEL,D4125,,,CHANNEL,D4325,,,CHANNEL,D4525,,,BOOL,H37.13
,,CHANNEL,D4126,,,CHANNEL,D4326,,,CHANNEL,D4526,,,BOOL,H37.14
,,CHANNEL,D4127,,,CHANNEL,D4327,,,CHANNEL,D4527,,,BOOL,H37.15
,,CHANNEL,D4128,,,CHANNEL,D4328,,,CHANNEL,D4528,,,BOOL,H38.00
,,CHANNEL,D4129,,,CHANNEL,D4329,,,CHANNEL,D4529,,,BOOL,H38.01
,,CHANNEL,D4130,,,CHANNEL,D4330,,,CHANNEL,D4530,,,BOOL,H38.02
,,CHANNEL,D4131,,,CHANNEL,D4331,,,CHANNEL,D4531,,,BOOL,H38.03
,,CHANNEL,D4132,,,CHANNEL,D4332,,,CHANNEL,D4532,,,BOOL,H38.04
,,CHANNEL,D4133,,,CHANNEL,D4333,,,CHANNEL,D4533,,,BOOL,H38.05
,,CHANNEL,D4134,,,CHANNEL,D4334,,,CHANNEL,D4534,,,BOOL,H38.06
,,CHANNEL,D4135,,,CHANNEL,D4335,,,CHANNEL,D4535,,,BOOL,H38.07
,,CHANNEL,D4136,,,CHANNEL,D4336,,,CHANNEL,D4536,,,BOOL,H38.08
,,CHANNEL,D4137,,,CHANNEL,D4337,,,CHANNEL,D4537,,,BOOL,H38.09
,,CHANNEL,D4138,,,CHANNEL,D4338,,,CHANNEL,D4538,,,BOOL,H38.10
,,CHANNEL,D4139,,,CHANNEL,D4339,,,CHANNEL,D4539,,,BOOL,H38.11
,,CHANNEL,D4140,,,CHANNEL,D4340,,,CHANNEL,D4540,,,BOOL,H38.12
,,CHANNEL,D4141,,,CHANNEL,D4341,,,CHANNEL,D4541,,,BOOL,H38.13
,,CHANNEL,D4142,,,CHANNEL,D4342,,,CHANNEL,D4542,,,BOOL,H38.14
,,CHANNEL,D4143,,,CHANNEL,D4343,,,CHANNEL,D4543,,,BOOL,H38.15
,,CHANNEL,D4144,,,CHANNEL,D4344,,,CHANNEL,D4544,,,BOOL,H39.00
,,CHANNEL,D4145,,,CHANNEL,D4345,,,CHANNEL,D4545,,,BOOL,H39.01
,,CHANNEL,D4146,,,CHANNEL,D4346,,,CHANNEL,D4546,,,BOOL,H39.02
,,CHANNEL,D4147,,,CHANNEL,D4347,,,CHANNEL,D4547,,,BOOL,H39.03
,,CHANNEL,D4148,,,CHANNEL,D4348,,,CHANNEL,D4548,,,BOOL,H39.04
,,CHANNEL,D4149,,,CHANNEL,D4349,,,CHANNEL,D4549,,,BOOL,H39.05
,,CHANNEL,D4150,,,CHANNEL,D4350,,,CHANNEL,D4550,,,BOOL,H39.06
,,CHANNEL,D4151,,,CHANNEL,D4351,,,CHANNEL,D4551,,,BOOL,H39.07
,,CHANNEL,D4152,,,CHANNEL,D4352,,,CHANNEL,D4552,,,BOOL,H39.08
,,CHANNEL,D4153,,,CHANNEL,D4353,,,CHANNEL,D4553,,,BOOL,H39.09
,,CHANNEL,D4154,,,CHANNEL,D4354,,,CHANNEL,D4554,,,BOOL,H39.10
,,CHANNEL,D4155,,,CHANNEL,D4355,,,CHANNEL,D4555,,,BOOL,H39.11
,,CHANNEL,D4156,,,CHANNEL,D4356,,,CHANNEL,D4556,,,BOOL,H39.12
,,CHANNEL,D4157,,,CHANNEL,D4357,,,CHANNEL,D4557,,,BOOL,H39.13
,,CHANNEL,D4158,,,CHANNEL,D4358,,,CHANNEL,D4558,,,BOOL,H39.14
,,CHANNEL,D4159,,,CHANNEL,D4359,,,CHANNEL,D4559,,,BOOL,H39.15
,,CHANNEL,D4160,,,CHANNEL,D4360,,,CHANNEL,D4560,,,,
,,CHANNEL,D4161,,,CHANNEL,D4361,,,CHANNEL,D4561,,,,
,,CHANNEL,D4162,,,CHANNEL,D4362,,,CHANNEL,D4562,,,,
,,CHANNEL,D4163,,,CHANNEL,D4363,,,CHANNEL,D4563,,,,
,,CHANNEL,D4164,,,CHANNEL,D4364,,,CHANNEL,D4564,,,,
,,CHANNEL,D4165,,,CHANNEL,D4365,,,CHANNEL,D4565,,,,
,,CHANNEL,D4166,,,CHANNEL,D4366,,,CHANNEL,D4566,,,,
,,CHANNEL,D4167,,,CHANNEL,D4367,,,CHANNEL,D4567,,,,
,,CHANNEL,D4168,,,CHANNEL,D4368,,,CHANNEL,D4568,,,,
,,CHANNEL,D4169,,,CHANNEL,D4369,,,CHANNEL,D4569,,,,
,,CHANNEL,D4170,,,CHANNEL,D4370,,,CHANNEL,D4570,,,,
,,CHANNEL,D4171,,,CHANNEL,D4371,,,CHANNEL,D4571,,,,
,,CHANNEL,D4172,,,CHANNEL,D4372,,,CHANNEL,D4572,,,,
,,CHANNEL,D4173,,,CHANNEL,D4373,,,CHANNEL,D4573,,,,
,,CHANNEL,D4174,,,CHANNEL,D4374,,,CHANNEL,D4574,,,,
,,CHANNEL,D4175,,,CHANNEL,D4375,,,CHANNEL,D4575,,,,
,,CHANNEL,D4176,,,CHANNEL,D4376,,,CHANNEL,D4576,,,,
,,CHANNEL,D4177,,,CHANNEL,D4377,,,CHANNEL,D4577,,,,
,,CHANNEL,D4178,,,CHANNEL,D4378,,,CHANNEL,D4578,,,,
,,CHANNEL,D4179,,,CHANNEL,D4379,,,CHANNEL,D4579,,,,
,,CHANNEL,D4180,,,CHANNEL,D4380,,,CHANNEL,D4580,,,,
,,CHANNEL,D4181,,,CHANNEL,D4381,,,CHANNEL,D4581,,,,
,,CHANNEL,D4182,,,CHANNEL,D4382,,,CHANNEL,D4582,,,,
,,CHANNEL,D4183,,,CHANNEL,D4383,,,CHANNEL,D4583,,,,
,,CHANNEL,D4184,,,CHANNEL,D4384,,,CHANNEL,D4584,,,,
,,CHANNEL,D4185,,,CHANNEL,D4385,,,CHANNEL,D4585,,,,
,,CHANNEL,D4186,,,CHANNEL,D4386,,,CHANNEL,D4586,,,,
,,CHANNEL,D4187,,,CHANNEL,D4387,,,CHANNEL,D4587,,,,
,,CHANNEL,D4188,,,CHANNEL,D4388,,,CHANNEL,D4588,,,,
,,CHANNEL,D4189,,,CHANNEL,D4389,,,CHANNEL,D4589,,,,
,,CHANNEL,D4190,,,CHANNEL,D4390,,,CHANNEL,D4590,,,,
,,CHANNEL,D4191,,,CHANNEL,D4391,,,CHANNEL,D4591,,,,
,,CHANNEL,D4192,,,CHANNEL,D4392,,,CHANNEL,D4592,,,,
,,CHANNEL,D4193,,,CHANNEL,D4393,,,CHANNEL,D4593,,,,
,,CHANNEL,D4194,,,CHANNEL,D4394,,,CHANNEL,D4594,,,,
,,CHANNEL,D4195,,,CHANNEL,D4395,,,CHANNEL,D4595,,,,
,,CHANNEL,D4196,,,CHANNEL,D4396,,,CHANNEL,D4596,,,,
,,CHANNEL,D4197,,,CHANNEL,D4397,,,CHANNEL,D4597,,,,
,,CHANNEL,D4198,,,CHANNEL,D4398,,,CHANNEL,D4598,,,,
,,CHANNEL,D4199,,,CHANNEL,D4399,,,CHANNEL,D4599,,,,