,Состояния,,,,Неисправности,,,,Управление,,,
,RF,,,,RF,,,,RF,,,
,,CHANNEL,140,,,CHANNEL,190,,,CHANNEL,240,
,,BOOL,140.00,Робот работа,,BOOL,190.00,Техзрение ошибка,,BOOL,240.00,Сброс аварий
,,BOOL,140.01,Контроль движения ленты,,BOOL,190.01,,,BOOL,240.01,
,,BOOL,140.02,Техзрение готовность,,BOOL,190.02,,,BOOL,240.02,
,,BOOL,140.03,,,BOOL,190.03,,,BOOL,240.03,
,,BOOL,140.04,,,BOOL,190.04,,,BOOL,240.04,
,,BOOL,140.05,,,BOOL,190.05,,,BOOL,240.05,
,,BOOL,140.06,,,BOOL,190.06,,,BOOL,240.06,
,,BOOL,140.07,,,BOOL,190.07,,,BOOL,240.07,
,,BOOL,140.08,Бракуем линию 1,,BOOL,190.08,,,BOOL,240.08,
,,BOOL,140.09,Бракуем линию 2,,BOOL,190.09,,,BOOL,240.09,
,,BOOL,140.10,,,BOOL,190.10,,,BOOL,240.10,
,,BOOL,140.11,,,BOOL,190.11,,,BOOL,240.11,
,,BOOL,140.12,,,BOOL,190.12,,,BOOL,240.12,
,,BOOL,140.13,,,BOOL,190.13,,,BOOL,240.13,
,,BOOL,140.14,,,BOOL,190.14,,,BOOL,240.14,
,,BOOL,140.15,Авария,,BOOL,190.15,,,BOOL,240.15,Сброс дискретных входов
,,CHANNEL,141,ъ,,CHANNEL,191,,,CHANNEL,241,
,,BOOL,141.00,,,BOOL,191.00,Авария работы конвейера не включился,,BOOL,241.00,
,,BOOL,141.01,,,BOOL,191.01,Авария работы конвейера не поехал сам,,BOOL,241.01,
,,BOOL,141.02,,,BOOL,191.02,,,BOOL,241.02,
,,BOOL,141.03,,,BOOL,191.03,,,BOOL,241.03,
,,BOOL,141.04,,,BOOL,191.04,,,BOOL,241.04,
,,BOOL,141.05,,,BOOL,191.05,,,BOOL,241.05,
,,BOOL,141.06,,,BOOL,191.06,,,BOOL,241.06,
,,BOOL,141.07,,,BOOL,191.07,,,BOOL,241.07,
,,BOOL,141.08,,,BOOL,191.08,,,BOOL,241.08,
,,BOOL,141.09,,,BOOL,191.09,,,BOOL,241.09,
,,BOOL,141.10,,,BOOL,191.10,,,BOOL,241.10,
,,BOOL,141.11,,,BOOL,191.11,,,BOOL,241.11,
,,BOOL,141.12,,,BOOL,191.12,,,BOOL,241.12,
,,BOOL,141.13,,,BOOL,191.13,,,BOOL,241.13,
,,BOOL,141.14,,,BOOL,191.14,,,BOOL,241.14,
,,BOOL,141.15,,,BOOL,191.15,,,BOOL,241.15,
,,CHANNEL,142,,,CHANNEL,192,,,CHANNEL,242,
,,BOOL,142.00,,,BOOL,192.00,,,BOOL,242.00,
,,BOOL,142.01,,,BOOL,192.01,,,BOOL,242.01,
,,BOOL,142.02,,,BOOL,192.02,,,BOOL,242.02,
,,BOOL,142.03,,,BOOL,192.03,,,BOOL,242.03,
,,BOOL,142.04,,,BOOL,192.04,,,BOOL,242.04,
,,BOOL,142.05,,,BOOL,192.05,,,BOOL,242.05,
,,BOOL,142.06,,,BOOL,192.06,,,BOOL,242.06,
,,BOOL,142.07,,,BOOL,192.07,,,BOOL,242.07,
,,BOOL,142.08,,,BOOL,192.08,,,BOOL,242.08,
,,BOOL,142.09,,,BOOL,192.09,,,BOOL,242.09,
,,BOOL,142.10,,,BOOL,192.10,,,BOOL,242.10,
,,BOOL,142.11,,,BOOL,192.11,,,BOOL,242.11,
,,BOOL,142.12,,,BOOL,192.12,,,BOOL,242.12,
,,BOOL,142.13,,,BOOL,192.13,,,BOOL,242.13,
,,BOOL,142.14,,,BOOL,192.14,,,BOOL,242.14,
,,BOOL,142.15,,,BOOL,192.15,,,BOOL,242.15,
,,CHANNEL,143,,,CHANNEL,193,,,CHANNEL,243,
,,BOOL,143.00,,,BOOL,193.00,,,BOOL,243.00,
,,BOOL,143.01,,,BOOL,193.01,,,BOOL,243.01,
,,BOOL,143.02,,,BOOL,193.02,,,BOOL,243.02,
,,BOOL,143.03,,,BOOL,193.03,,,BOOL,243.03,
,,BOOL,143.04,,,BOOL,193.04,,,BOOL,243.04,
,,BOOL,143.05,,,BOOL,193.05,,,BOOL,243.05,
,,BOOL,143.06,,,BOOL,193.06,,,BOOL,243.06,
,,BOOL,143.07,,,BOOL,193.07,,,BOOL,243.07,
,,BOOL,143.08,,,BOOL,193.08,,,BOOL,243.08,
,,BOOL,143.09,,,BOOL,193.09,,,BOOL,243.09,
,,BOOL,143.10,,,BOOL,193.10,,,BOOL,243.10,
,,BOOL,143.11,,,BOOL,193.11,,,BOOL,243.11,
,,BOOL,143.12,,,BOOL,193.12,,,BOOL,243.12,
,,BOOL,143.13,,,BOOL,193.13,,,BOOL,243.13,
,,BOOL,143.14,,,BOOL,193.14,,,BOOL,243.14,
,,BOOL,143.15,,,BOOL,193.15,,,BOOL,243.15,
,,CHANNEL,144,,,CHANNEL,194,,,CHANNEL,244,
,,BOOL,144.00,,,BOOL,194.00,,,BOOL,244.00,
,,BOOL,144.01,,,BOOL,194.01,,,BOOL,244.01,
,,BOOL,144.02,,,BOOL,194.02,,,BOOL,244.02,
,,BOOL,144.03,,,BOOL,194.03,,,BOOL,244.03,
,,BOOL,144.04,,,BOOL,194.04,,,BOOL,244.04,
,,BOOL,144.05,,,BOOL,194.05,,,BOOL,244.05,
,,BOOL,144.06,,,BOOL,194.06,,,BOOL,244.06,
,,BOOL,144.07,,,BOOL,194.07,,,BOOL,244.07,
,,BOOL,144.08,,,BOOL,194.08,,,BOOL,244.08,
,,BOOL,144.09,,,BOOL,194.09,,,BOOL,244.09,
,,BOOL,144.10,,,BOOL,194.10,,,BOOL,244.10,
,,BOOL,144.11,,,BOOL,194.11,,,BOOL,244.11,
,,BOOL,144.12,,,BOOL,194.12,,,BOOL,244.12,
,,BOOL,144.13,,,BOOL,194.13,,,BOOL,244.13,
,,BOOL,144.14,,,BOOL,194.14,,,BOOL,244.14,
,,BOOL,144.15,,,BOOL,194.15,,,BOOL,244.15,
,,CHANNEL,145,,,CHANNEL,195,,,CHANNEL,245,
,,BOOL,145.00,,,BOOL,195.00,,,BOOL,245.00,
,,BOOL,145.01,,,BOOL,195.01,,,BOOL,245.01,
,,BOOL,145.02,,,BOOL,195.02,,,BOOL,245.02,
,,BOOL,145.03,,,BOOL,195.03,,,BOOL,245.03,
,,BOOL,145.04,,,BOOL,195.04,,,BOOL,245.04,
,,BOOL,145.05,,,BOOL,195.05,,,BOOL,245.05,
,,BOOL,145.06,,,BOOL,195.06,,,BOOL,245.06,
,,BOOL,145.07,,,BOOL,195.07,,,BOOL,245.07,
,,BOOL,145.08,,,BOOL,195.08,,,BOOL,245.08,
,,BOOL,145.09,,,BOOL,195.09,,,BOOL,245.09,
,,BOOL,145.10,,,BOOL,195.10,,,BOOL,245.10,
,,BOOL,145.11,,,BOOL,195.11,,,BOOL,245.11,
,,BOOL,145.12,,,BOOL,195.12,,,BOOL,245.12,
,,BOOL,145.13,,,BOOL,195.13,,,BOOL,245.13,
,,BOOL,145.14,,,BOOL,195.14,,,BOOL,245.14,
,,BOOL,145.15,,,BOOL,195.15,,,BOOL,245.15,
,,CHANNEL,146,,,CHANNEL,196,,,CHANNEL,246,
,,BOOL,146.00,,,BOOL,196.00,,,BOOL,246.00,
,,BOOL,146.01,,,BOOL,196.01,,,BOOL,246.01,
,,BOOL,146.02,,,BOOL,196.02,,,BOOL,246.02,
,,BOOL,146.03,,,BOOL,196.03,,,BOOL,246.03,
,,BOOL,146.04,,,BOOL,196.04,,,BOOL,246.04,
,,BOOL,146.05,,,BOOL,196.05,,,BOOL,246.05,
,,BOOL,146.06,,,BOOL,196.06,,,BOOL,246.06,
,,BOOL,146.07,,,BOOL,196.07,,,BOOL,246.07,
,,BOOL,146.08,,,BOOL,196.08,,,BOOL,246.08,
,,BOOL,146.09,,,BOOL,196.09,,,BOOL,246.09,
,,BOOL,146.10,,,BOOL,196.10,,,BOOL,246.10,
,,BOOL,146.11,,,BOOL,196.11,,,BOOL,246.11,
,,BOOL,146.12,,,BOOL,196.12,,,BOOL,246.12,
,,BOOL,146.13,,,BOOL,196.13,,,BOOL,246.13,
,,BOOL,146.14,,,BOOL,196.14,,,BOOL,246.14,
,,BOOL,146.15,,,BOOL,196.15,,,BOOL,246.15,
,,CHANNEL,147,,,CHANNEL,197,,,CHANNEL,247,
,,BOOL,147.00,,,BOOL,197.00,,,BOOL,247.00,
,,BOOL,147.01,,,BOOL,197.01,,,BOOL,247.01,
,,BOOL,147.02,,,BOOL,197.02,,,BOOL,247.02,
,,BOOL,147.03,,,BOOL,197.03,,,BOOL,247.03,
,,BOOL,147.04,,,BOOL,197.04,,,BOOL,247.04,
,,BOOL,147.05,,,BOOL,197.05,,,BOOL,247.05,
,,BOOL,147.06,,,BOOL,197.06,,,BOOL,247.06,
,,BOOL,147.07,,,BOOL,197.07,,,BOOL,247.07,
,,BOOL,147.08,,,BOOL,197.08,,,BOOL,247.08,
,,BOOL,147.09,,,BOOL,197.09,,,BOOL,247.09,
,,BOOL,147.10,,,BOOL,197.10,,,BOOL,247.10,
,,BOOL,147.11,,,BOOL,197.11,,,BOOL,247.11,
,,BOOL,147.12,,,BOOL,197.12,,,BOOL,247.12,
,,BOOL,147.13,,,BOOL,197.13,,,BOOL,247.13,
,,BOOL,147.14,,,BOOL,197.14,,,BOOL,247.14,
,,BOOL,147.15,,,BOOL,197.15,,,BOOL,247.15,
,,CHANNEL,148,,,CHANNEL,198,,,CHANNEL,248,
,,BOOL,148.00,,,BOOL,198.00,,,BOOL,248.00,
,,BOOL,148.01,,,BOOL,198.01,,,BOOL,248.01,
,,BOOL,148.02,,,BOOL,198.02,,,BOOL,248.02,
,,BOOL,148.03,,,BOOL,198.03,,,BOOL,248.03,
,,BOOL,148.04,,,BOOL,198.04,,,BOOL,248.04,
,,BOOL,148.05,,,BOOL,198.05,,,BOOL,248.05,
,,BOOL,148.06,,,BOOL,198.06,,,BOOL,248.06,
,,BOOL,148.07,,,BOOL,198.07,,,BOOL,248.07,
,,BOOL,148.08,,,BOOL,198.08,,,BOOL,248.08,
,,BOOL,148.09,,,BOOL,198.09,,,BOOL,248.09,
,,BOOL,148.10,,,BOOL,198.10,,,BOOL,248.10,
,,BOOL,148.11,,,BOOL,198.11,,,BOOL,248.11,
,,BOOL,148.12,,,BOOL,198.12,,,BOOL,248.12,
,,BOOL,148.13,,,BOOL,198.13,,,BOOL,248.13,
,,BOOL,148.14,,,BOOL,198.14,,,BOOL,248.14,
,,BOOL,148.15,,,BOOL,198.15,,,BOOL,248.15,
,,CHANNEL,149,,,CHANNEL,199,,,CHANNEL,249,
,,BOOL,149.00,,,BOOL,199.00,,,BOOL,249.00,
,,BOOL,149.01,,,BOOL,199.01,,,BOOL,249.01,
,,BOOL,149.02,,,BOOL,199.02,,,BOOL,249.02,
,,BOOL,149.03,,,BOOL,199.03,,,BOOL,249.03,
,,BOOL,149.04,,,BOOL,199.04,,,BOOL,249.04,
,,BOOL,149.05,,,BOOL,199.05,,,BOOL,249.05,
,,BOOL,149.06,,,BOOL,199.06,,,BOOL,249.06,
,,BOOL,149.07,,,BOOL,199.07,,,BOOL,249.07,
,,BOOL,149.08,,,BOOL,199.08,,,BOOL,249.08,
,,BOOL,149.09,,,BOOL,199.09,,,BOOL,249.09,
,,BOOL,149.10,,,BOOL,199.10,,,BOOL,249.10,
,,BOOL,149.11,,,BOOL,199.11,,,BOOL,249.11,
,,BOOL,149.12,,,BOOL,199.12,,,BOOL,249.12,
,,BOOL,149.13,,,BOOL,199.13,,,BOOL,249.13,
,,BOOL,149.14,,,BOOL,199.14,,,BOOL,249.14,
,,BOOL,149.15,,,BOOL,199.15,,,BOOL,249.15,
,,CHANNEL,150,,,CHANNEL,200,,,CHANNEL,250,
,,BOOL,150.00,,,BOOL,200.00,,,BOOL,250.00,
,,BOOL,150.01,,,BOOL,200.01,,,BOOL,250.01,
,,BOOL,150.02,,,BOOL,200.02,,,BOOL,250.02,
,,BOOL,150.03,,,BOOL,200.03,,,BOOL,250.03,
,,BOOL,150.04,,,BOOL,200.04,,,BOOL,250.04,
,,BOOL,150.05,,,BOOL,200.05,,,BOOL,250.05,
,,BOOL,150.06,,,BOOL,200.06,,,BOOL,250.06,
,,BOOL,150.07,,,BOOL,200.07,,,BOOL,250.07,
,,BOOL,150.08,,,BOOL,200.08,,,BOOL,250.08,
,,BOOL,150.09,,,BOOL,200.09,,,BOOL,250.09,
,,BOOL,150.10,,,BOOL,200.10,,,BOOL,250.10,
,,BOOL,150.11,,,BOOL,200.11,,,BOOL,250.11,
,,BOOL,150.12,,,BOOL,200.12,,,BOOL,250.12,
,,BOOL,150.13,,,BOOL,200.13,,,BOOL,250.13,
,,BOOL,150.14,,,BOOL,200.14,,,BOOL,250.14,
,,BOOL,150.15,,,BOOL,200.15,,,BOOL,250.15,
,,CHANNEL,151,,,CHANNEL,201,,,CHANNEL,251,
,,BOOL,151.00,,,BOOL,201.00,,,BOOL,251.00,
,,BOOL,151.01,,,BOOL,201.01,,,BOOL,251.01,
,,BOOL,151.02,,,BOOL,201.02,,,BOOL,251.02,
,,BOOL,151.03,,,BOOL,201.03,,,BOOL,251.03,
,,BOOL,151.04,,,BOOL,201.04,,,BOOL,251.04,
,,BOOL,151.05,,,BOOL,201.05,,,BOOL,251.05,
,,BOOL,151.06,,,BOOL,201.06,,,BOOL,251.06,
,,BOOL,151.07,,,BOOL,201.07,,,BOOL,251.07,
,,BOOL,151.08,,,BOOL,201.08,,,BOOL,251.08,
,,BOOL,151.09,,,BOOL,201.09,,,BOOL,251.09,
,,BOOL,151.10,,,BOOL,201.10,,,BOOL,251.10,
,,BOOL,151.11,,,BOOL,201.11,,,BOOL,251.11,
,,BOOL,151.12,,,BOOL,201.12,,,BOOL,251.12,
,,BOOL,151.13,,,BOOL,201.13,,,BOOL,251.13,
,,BOOL,151.14,,,BOOL,201.14,,,BOOL,251.14,
,,BOOL,151.15,,,BOOL,201.15,,,BOOL,251.15,
,,CHANNEL,152,,,CHANNEL,202,,,CHANNEL,252,
,,BOOL,152.00,,,BOOL,202.00,,,BOOL,252.00,
,,BOOL,152.01,,,BOOL,202.01,,,BOOL,252.01,
,,BOOL,152.02,,,BOOL,202.02,,,BOOL,252.02,
,,BOOL,152.03,,,BOOL,202.03,,,BOOL,252.03,
,,BOOL,152.04,,,BOOL,202.04,,,BOOL,252.04,
,,BOOL,152.05,,,BOOL,202.05,,,BOOL,252.05,
,,BOOL,152.06,,,BOOL,202.06,,,BOOL,252.06,
,,BOOL,152.07,,,BOOL,202.07,,,BOOL,252.07,
,,BOOL,152.08,,,BOOL,202.08,,,BOOL,252.08,
,,BOOL,152.09,,,BOOL,202.09,,,BOOL,252.09,
,,BOOL,152.10,,,BOOL,202.10,,,BOOL,252.10,
,,BOOL,152.11,,,BOOL,202.11,,,BOOL,252.11,
,,BOOL,152.12,,,BOOL,202.12,,,BOOL,252.12,
,,BOOL,152.13,,,BOOL,202.13,,,BOOL,252.13,
,,BOOL,152.14,,,BOOL,202.14,,,BOOL,252.14,
,,BOOL,152.15,,,BOOL,202.15,,,BOOL,252.15,
,,CHANNEL,153,,,CHANNEL,203,,,CHANNEL,253,
,,BOOL,153.00,,,BOOL,203.00,,,BOOL,253.00,
,,BOOL,153.01,,,BOOL,203.01,,,BOOL,253.01,
,,BOOL,153.02,,,BOOL,203.02,,,BOOL,253.02,
,,BOOL,153.03,,,BOOL,203.03,,,BOOL,253.03,
,,BOOL,153.04,,,BOOL,203.04,,,BOOL,253.04,
,,BOOL,153.05,,,BOOL,203.05,,,BOOL,253.05,
,,BOOL,153.06,,,BOOL,203.06,,,BOOL,253.06,
,,BOOL,153.07,,,BOOL,203.07,,,BOOL,253.07,
,,BOOL,153.08,,,BOOL,203.08,,,BOOL,253.08,
,,BOOL,153.09,,,BOOL,203.09,,,BOOL,253.09,
,,BOOL,153.10,,,BOOL,203.10,,,BOOL,253.10,
,,BOOL,153.11,,,BOOL,203.11,,,BOOL,253.11,
,,BOOL,153.12,,,BOOL,203.12,,,BOOL,253.12,
,,BOOL,153.13,,,BOOL,203.13,,,BOOL,253.13,
,,BOOL,153.14,,,BOOL,203.14,,,BOOL,253.14,
,,BOOL,153.15,,,BOOL,203.15,,,BOOL,253.15,
,,CHANNEL,154,,,CHANNEL,204,,,CHANNEL,254,
,,BOOL,154.00,,,BOOL,204.00,,,BOOL,254.00,
,,BOOL,154.01,,,BOOL,204.01,,,BOOL,254.01,
,,BOOL,154.02,,,BOOL,204.02,,,BOOL,254.02,
,,BOOL,154.03,,,BOOL,204.03,,,BOOL,254.03,
,,BOOL,154.04,,,BOOL,204.04,,,BOOL,254.04,
,,BOOL,154.05,,,BOOL,204.05,,,BOOL,254.05,
,,BOOL,154.06,,,BOOL,204.06,,,BOOL,254.06,
,,BOOL,154.07,,,BOOL,204.07,,,BOOL,254.07,
,,BOOL,154.08,,,BOOL,204.08,,,BOOL,254.08,
,,BOOL,154.09,,,BOOL,204.09,,,BOOL,254.09,
,,BOOL,154.10,,,BOOL,204.10,,,BOOL,254.10,
,,BOOL,154.11,,,BOOL,204.11,,,BOOL,254.11,
,,BOOL,154.12,,,BOOL,204.12,,,BOOL,254.12,
,,BOOL,154.13,,,BOOL,204.13,,,BOOL,254.13,
,,BOOL,154.14,,,BOOL,204.14,,,BOOL,254.14,
,,BOOL,154.15,,,BOOL,204.15,,,BOOL,254.15,
,,CHANNEL,155,,,CHANNEL,205,,,CHANNEL,255,
,,BOOL,155.00,,,BOOL,205.00,,,BOOL,255.00,
,,BOOL,155.01,,,BOOL,205.01,,,BOOL,255.01,
,,BOOL,155.02,,,BOOL,205.02,,,BOOL,255.02,
,,BOOL,155.03,,,BOOL,205.03,,,BOOL,255.03,
,,BOOL,155.04,,,BOOL,205.04,,,BOOL,255.04,
,,BOOL,155.05,,,BOOL,205.05,,,BOOL,255.05,
,,BOOL,155.06,,,BOOL,205.06,,,BOOL,255.06,
,,BOOL,155.07,,,BOOL,205.07,,,BOOL,255.07,
,,BOOL,155.08,,,BOOL,205.08,,,BOOL,255.08,
,,BOOL,155.09,,,BOOL,205.09,,,BOOL,255.09,
,,BOOL,155.10,,,BOOL,205.10,,,BOOL,255.10,
,,BOOL,155.11,,,BOOL,205.11,,,BOOL,255.11,
,,BOOL,155.12,,,BOOL,205.12,,,BOOL,255.12,
,,BOOL,155.13,,,BOOL,205.13,,,BOOL,255.13,
,,BOOL,155.14,,,BOOL,205.14,,,BOOL,255.14,
,,BOOL,155.15,,,BOOL,205.15,,,BOOL,255.15,
,,CHANNEL,156,,,CHANNEL,206,,,CHANNEL,256,
,,BOOL,156.00,,,BOOL,206.00,,,BOOL,256.00,
,,BOOL,156.01,,,BOOL,206.01,,,BOOL,256.01,
,,BOOL,156.02,,,BOOL,206.02,,,BOOL,256.02,
,,BOOL,156.03,,,BOOL,206.03,,,BOOL,256.03,
,,BOOL,156.04,,,BOOL,206.04,,,BOOL,256.04,
,,BOOL,156.05,,,BOOL,206.05,,,BOOL,256.05,
,,BOOL,156.06,,,BOOL,206.06,,,BOOL,256.06,
,,BOOL,156.07,,,BOOL,206.07,,,BOOL,256.07,
,,BOOL,156.08,,,BOOL,206.08,,,BOOL,256.08,
,,BOOL,156.09,,,BOOL,206.09,,,BOOL,256.09,
,,BOOL,156.10,,,BOOL,206.10,,,BOOL,256.10,
,,BOOL,156.11,,,BOOL,206.11,,,BOOL,256.11,
,,BOOL,156.12,,,BOOL,206.12,,,BOOL,256.12,
,,BOOL,156.13,,,BOOL,206.13,,,BOOL,256.13,
,,BOOL,156.14,,,BOOL,206.14,,,BOOL,256.14,
,,BOOL,156.15,,,BOOL,206.15,,,BOOL,256.15,
,,CHANNEL,157,,,CHANNEL,207,,,CHANNEL,257,
,,BOOL,157.00,,,BOOL,207.00,,,BOOL,257.00,
,,BOOL,157.01,,,BOOL,207.01,,,BOOL,257.01,
,,BOOL,157.02,,,BOOL,207.02,,,BOOL,257.02,
,,BOOL,157.03,,,BOOL,207.03,,,BOOL,257.03,
,,BOOL,157.04,,,BOOL,207.04,,,BOOL,257.04,
,,BOOL,157.05,,,BOOL,207.05,,,BOOL,257.05,
,,BOOL,157.06,,,BOOL,207.06,,,BOOL,257.06,
,,BOOL,157.07,,,BOOL,207.07,,,BOOL,257.07,
,,BOOL,157.08,,,BOOL,207.08,,,BOOL,257.08,
,,BOOL,157.09,,,BOOL,207.09,,,BOOL,257.09,
,,BOOL,157.10,,,BOOL,207.10,,,BOOL,257.10,
,,BOOL,157.11,,,BOOL,207.11,,,BOOL,257.11,
,,BOOL,157.12,,,BOOL,207.12,,,BOOL,257.12,
,,BOOL,157.13,,,BOOL,207.13,,,BOOL,257.13,
,,BOOL,157.14,,,BOOL,207.14,,,BOOL,257.14,
,,BOOL,157.15,,,BOOL,207.15,,,BOOL,257.15,
,,CHANNEL,158,,,CHANNEL,208,,,CHANNEL,258,
,,BOOL,158.00,,,BOOL,208.00,,,BOOL,258.00,
,,BOOL,158.01,,,BOOL,208.01,,,BOOL,258.01,
,,BOOL,158.02,,,BOOL,208.02,,,BOOL,258.02,
,,BOOL,158.03,,,BOOL,208.03,,,BOOL,258.03,
,,BOOL,158.04,,,BOOL,208.04,,,BOOL,258.04,
,,BOOL,158.05,,,BOOL,208.05,,,BOOL,258.05,
,,BOOL,158.06,,,BOOL,208.06,,,BOOL,258.06,
,,BOOL,158.07,,,BOOL,208.07,,,BOOL,258.07,
,,BOOL,158.08,,,BOOL,208.08,,,BOOL,258.08,
,,BOOL,158.09,,,BOOL,208.09,,,BOOL,258.09,
,,BOOL,158.10,,,BOOL,208.10,,,BOOL,258.10,
,,BOOL,158.11,,,BOOL,208.11,,,BOOL,258.11,
,,BOOL,158.12,,,BOOL,208.12,,,BOOL,258.12,
,,BOOL,158.13,,,BOOL,208.13,,,BOOL,258.13,
,,BOOL,158.14,,,BOOL,208.14,,,BOOL,258.14,
,,BOOL,158.15,,,BOOL,208.15,,,BOOL,258.15,
,,CHANNEL,159,,,CHANNEL,209,,,CHANNEL,259,
,,BOOL,159.00,,,BOOL,209.00,,,BOOL,259.00,
,,BOOL,159.01,,,BOOL,209.01,,,BOOL,259.01,
,,BOOL,159.02,,,BOOL,209.02,,,BOOL,259.02,
,,BOOL,159.03,,,BOOL,209.03,,,BOOL,259.03,
,,BOOL,159.04,,,BOOL,209.04,,,BOOL,259.04,
,,BOOL,159.05,,,BOOL,209.05,,,BOOL,259.05,
,,BOOL,159.06,,,BOOL,209.06,,,BOOL,259.06,
,,BOOL,159.07,,,BOOL,209.07,,,BOOL,259.07,
,,BOOL,159.08,,,BOOL,209.08,,,BOOL,259.08,
,,BOOL,159.09,,,BOOL,209.09,,,BOOL,259.09,
,,BOOL,159.10,,,BOOL,209.10,,,BOOL,259.10,
,,BOOL,159.11,,,BOOL,209.11,,,BOOL,259.11,
,,BOOL,159.12,,,BOOL,209.12,,,BOOL,259.12,
,,BOOL,159.13,,,BOOL,209.13,,,BOOL,259.13,
,,BOOL,159.14,,,BOOL,209.14,,,BOOL,259.14,
,,BOOL,159.15,,,BOOL,209.15,,,BOOL,259.15,
,,CHANNEL,160,,,CHANNEL,210,,,CHANNEL,260,
,,BOOL,160.00,,,BOOL,210.00,,,BOOL,260.00,
,,BOOL,160.01,,,BOOL,210.01,,,BOOL,260.01,
,,BOOL,160.02,,,BOOL,210.02,,,BOOL,260.02,
,,BOOL,160.03,,,BOOL,210.03,,,BOOL,260.03,
,,BOOL,160.04,,,BOOL,210.04,,,BOOL,260.04,
,,BOOL,160.05,,,BOOL,210.05,,,BOOL,260.05,
,,BOOL,160.06,,,BOOL,210.06,,,BOOL,260.06,
,,BOOL,160.07,,,BOOL,210.07,,,BOOL,260.07,
,,BOOL,160.08,,,BOOL,210.08,,,BOOL,260.08,
,,BOOL,160.09,,,BOOL,210.09,,,BOOL,260.09,
,,BOOL,160.10,,,BOOL,210.10,,,BOOL,260.10,
,,BOOL,160.11,,,BOOL,210.11,,,BOOL,260.11,
,,BOOL,160.12,,,BOOL,210.12,,,BOOL,260.12,
,,BOOL,160.13,,,BOOL,210.13,,,BOOL,260.13,
,,BOOL,160.14,,,BOOL,210.14,,,BOOL,260.14,
,,BOOL,160.15,,,BOOL,210.15,,,BOOL,260.15,
,,CHANNEL,161,,,CHANNEL,211,,,CHANNEL,261,
,,BOOL,161.00,,,BOOL,211.00,,,BOOL,261.00,
,,BOOL,161.01,,,BOOL,211.01,,,BOOL,261.01,
,,BOOL,161.02,,,BOOL,211.02,,,BOOL,261.02,
,,BOOL,161.03,,,BOOL,211.03,,,BOOL,261.03,
,,BOOL,161.04,,,BOOL,211.04,,,BOOL,261.04,
,,BOOL,161.05,,,BOOL,211.05,,,BOOL,261.05,
,,BOOL,161.06,,,BOOL,211.06,,,BOOL,261.06,
,,BOOL,161.07,,,BOOL,211.07,,,BOOL,261.07,
,,BOOL,161.08,,,BOOL,211.08,,,BOOL,261.08,
,,BOOL,161.09,,,BOOL,211.09,,,BOOL,261.09,
,,BOOL,161.10,,,BOOL,211.10,,,BOOL,261.10,
,,BOOL,161.11,,,BOOL,211.11,,,BOOL,261.11,
,,BOOL,161.12,,,BOOL,211.12,,,BOOL,261.12,
,,BOOL,161.13,,,BOOL,211.13,,,BOOL,261.13,
,,BOOL,161.14,,,BOOL,211.14,,,BOOL,261.14,
,,BOOL,161.15,,,BOOL,211.15,,,BOOL,261.15,
,,CHANNEL,162,,,CHANNEL,212,,,CHANNEL,262,
,,BOOL,162.00,,,BOOL,212.00,,,BOOL,262.00,
,,BOOL,162.01,,,BOOL,212.01,,,BOOL,262.01,
,,BOOL,162.02,,,BOOL,212.02,,,BOOL,262.02,
,,BOOL,162.03,,,BOOL,212.03,,,BOOL,262.03,
,,BOOL,162.04,,,BOOL,212.04,,,BOOL,262.04,
,,BOOL,162.05,,,BOOL,212.05,,,BOOL,262.05,
,,BOOL,162.06,,,BOOL,212.06,,,BOOL,262.06,
,,BOOL,162.07,,,BOOL,212.07,,,BOOL,262.07,
,,BOOL,162.08,,,BOOL,212.08,,,BOOL,262.08,
,,BOOL,162.09,,,BOOL,212.09,,,BOOL,262.09,
,,BOOL,162.10,,,BOOL,212.10,,,BOOL,262.10,
,,BOOL,162.11,,,BOOL,212.11,,,BOOL,262.11,
,,BOOL,162.12,,,BOOL,212.12,,,BOOL,262.12,
,,BOOL,162.13,,,BOOL,212.13,,,BOOL,262.13,
,,BOOL,162.14,,,BOOL,212.14,,,BOOL,262.14,
,,BOOL,162.15,,,BOOL,212.15,,,BOOL,262.15,
,,CHANNEL,163,,,CHANNEL,213,,,CHANNEL,263,
,,BOOL,163.00,,,BOOL,213.00,,,BOOL,263.00,
,,BOOL,163.01,,,BOOL,213.01,,,BOOL,263.01,
,,BOOL,163.02,,,BOOL,213.02,,,BOOL,263.02,
,,BOOL,163.03,,,BOOL,213.03,,,BOOL,263.03,
,,BOOL,163.04,,,BOOL,213.04,,,BOOL,263.04,
,,BOOL,163.05,,,BOOL,213.05,,,BOOL,263.05,
,,BOOL,163.06,,,BOOL,213.06,,,BOOL,263.06,
,,BOOL,163.07,,,BOOL,213.07,,,BOOL,263.07,
,,BOOL,163.08,,,BOOL,213.08,,,BOOL,263.08,
,,BOOL,163.09,,,BOOL,213.09,,,BOOL,263.09,
,,BOOL,163.10,,,BOOL,213.10,,,BOOL,263.10,
,,BOOL,163.11,,,BOOL,213.11,,,BOOL,263.11,
,,BOOL,163.12,,,BOOL,213.12,,,BOOL,263.12,
,,BOOL,163.13,,,BOOL,213.13,,,BOOL,263.13,
,,BOOL,163.14,,,BOOL,213.14,,,BOOL,263.14,
,,BOOL,163.15,,,BOOL,213.15,,,BOOL,263.15,
,,CHANNEL,164,,,CHANNEL,214,,,CHANNEL,264,
,,BOOL,164.00,,,BOOL,214.00,,,BOOL,264.00,
,,BOOL,164.01,,,BOOL,214.01,,,BOOL,264.01,
,,BOOL,164.02,,,BOOL,214.02,,,BOOL,264.02,
,,BOOL,164.03,,,BOOL,214.03,,,BOOL,264.03,
,,BOOL,164.04,,,BOOL,214.04,,,BOOL,264.04,
,,BOOL,164.05,,,BOOL,214.05,,,BOOL,264.05,
,,BOOL,164.06,,,BOOL,214.06,,,BOOL,264.06,
,,BOOL,164.07,,,BOOL,214.07,,,BOOL,264.07,
,,BOOL,164.08,,,BOOL,214.08,,,BOOL,264.08,
,,BOOL,164.09,,,BOOL,214.09,,,BOOL,264.09,
,,BOOL,164.10,,,BOOL,214.10,,,BOOL,264.10,
,,BOOL,164.11,,,BOOL,214.11,,,BOOL,264.11,
,,BOOL,164.12,,,BOOL,214.12,,,BOOL,264.12,
,,BOOL,164.13,,,BOOL,214.13,,,BOOL,264.13,
,,BOOL,164.14,,,BOOL,214.14,,,BOOL,264.14,
,,BOOL,164.15,,,BOOL,214.15,,,BOOL,264.15,
,,CHANNEL,165,,,CHANNEL,215,,,CHANNEL,265,
,,BOOL,165.00,,,BOOL,215.00,,,BOOL,265.00,
,,BOOL,165.01,,,BOOL,215.01,,,BOOL,265.01,
,,BOOL,165.02,,,BOOL,215.02,,,BOOL,265.02,
,,BOOL,165.03,,,BOOL,215.03,,,BOOL,265.03,
,,BOOL,165.04,,,BOOL,215.04,,,BOOL,265.04,
,,BOOL,165.05,,,BOOL,215.05,,,BOOL,265.05,
,,BOOL,165.06,,,BOOL,215.06,,,BOOL,265.06,
,,BOOL,165.07,,,BOOL,215.07,,,BOOL,265.07,
,,BOOL,165.08,,,BOOL,215.08,,,BOOL,265.08,
,,BOOL,165.09,,,BOOL,215.09,,,BOOL,265.09,
,,BOOL,165.10,,,BOOL,215.10,,,BOOL,265.10,
,,BOOL,165.11,,,BOOL,215.11,,,BOOL,265.11,
,,BOOL,165.12,,,BOOL,215.12,,,BOOL,265.12,
,,BOOL,165.13,,,BOOL,215.13,,,BOOL,265.13,
,,BOOL,165.14,,,BOOL,215.14,,,BOOL,265.14,
,,BOOL,165.15,,,BOOL,215.15,,,BOOL,265.15,
,,CHANNEL,166,Название,,CHANNEL,216,Название,,CHANNEL,266,
,,BOOL,166.00,,,BOOL,216.00,,,BOOL,266.00,
,,BOOL,166.01,,,BOOL,216.01,,,BOOL,266.01,
,,BOOL,166.02,,,BOOL,216.02,,,BOOL,266.02,
,,BOOL,166.03,,,BOOL,216.03,,,BOOL,266.03,
,,BOOL,166.04,,,BOOL,216.04,,,BOOL,266.04,
,,BOOL,166.05,,,BOOL,216.05,,,BOOL,266.05,
,,BOOL,166.06,,,BOOL,216.06,,,BOOL,266.06,
,,BOOL,166.07,,,BOOL,216.07,,,BOOL,266.07,
,,BOOL,166.08,,,BOOL,216.08,,,BOOL,266.08,
,,BOOL,166.09,,,BOOL,216.09,,,BOOL,266.09,
,,BOOL,166.10,,,BOOL,216.10,,,BOOL,266.10,
,,BOOL,166.11,,,BOOL,216.11,,,BOOL,266.11,
,,BOOL,166.12,,,BOOL,216.12,,,BOOL,266.12,
,,BOOL,166.13,,,BOOL,216.13,,,BOOL,266.13,
,,BOOL,166.14,,,BOOL,216.14,,,BOOL,266.14,
,,BOOL,166.15,,,BOOL,216.15,,,BOOL,266.15,
,,CHANNEL,167,Название,,CHANNEL,217,Название,,CHANNEL,267,
,,BOOL,167.00,,,BOOL,217.00,,,BOOL,267.00,
,,BOOL,167.01,,,BOOL,217.01,,,BOOL,267.01,
,,BOOL,167.02,,,BOOL,217.02,,,BOOL,267.02,
,,BOOL,167.03,,,BOOL,217.03,,,BOOL,267.03,
,,BOOL,167.04,,,BOOL,217.04,,,BOOL,267.04,
,,BOOL,167.05,,,BOOL,217.05,,,BOOL,267.05,
,,BOOL,167.06,,,BOOL,217.06,,,BOOL,267.06,
,,BOOL,167.07,,,BOOL,217.07,,,BOOL,267.07,
,,BOOL,167.08,,,BOOL,217.08,,,BOOL,267.08,
,,BOOL,167.09,,,BOOL,217.09,,,BOOL,267.09,
,,BOOL,167.10,,,BOOL,217.10,,,BOOL,267.10,
,,BOOL,167.11,,,BOOL,217.11,,,BOOL,267.11,
,,BOOL,167.12,,,BOOL,217.12,,,BOOL,267.12,
,,BOOL,167.13,,,BOOL,217.13,,,BOOL,267.13,
,,BOOL,167.14,,,BOOL,217.14,,,BOOL,267.14,
,,BOOL,167.15,,,BOOL,217.15,,,BOOL,267.15,
,,CHANNEL,168,Название,,CHANNEL,218,Название,,CHANNEL,268,
,,BOOL,168.00,,,BOOL,218.00,,,BOOL,268.00,
,,BOOL,168.01,,,BOOL,218.01,,,BOOL,268.01,
,,BOOL,168.02,,,BOOL,218.02,,,BOOL,268.02,
,,BOOL,168.03,,,BOOL,218.03,,,BOOL,268.03,
,,BOOL,168.04,,,BOOL,218.04,,,BOOL,268.04,
,,BOOL,168.05,,,BOOL,218.05,,,BOOL,268.05,
,,BOOL,168.06,,,BOOL,218.06,,,BOOL,268.06,
,,BOOL,168.07,,,BOOL,218.07,,,BOOL,268.07,
,,BOOL,168.08,,,BOOL,218.08,,,BOOL,268.08,
,,BOOL,168.09,,,BOOL,218.09,,,BOOL,268.09,
,,BOOL,168.10,,,BOOL,218.10,,,BOOL,268.10,
,,BOOL,168.11,,,BOOL,218.11,,,BOOL,268.11,
,,BOOL,168.12,,,BOOL,218.12,,,BOOL,268.12,
,,BOOL,168.13,,,BOOL,218.13,,,BOOL,268.13,
,,BOOL,168.14,,,BOOL,218.14,,,BOOL,268.14,
,,BOOL,168.15,,,BOOL,218.15,,,BOOL,268.15,
,,CHANNEL,169,Название,,CHANNEL,219,Название,,CHANNEL,269,
,,BOOL,169.00,,,BOOL,219.00,,,BOOL,269.00,
,,BOOL,169.01,,,BOOL,219.01,,,BOOL,269.01,
,,BOOL,169.02,,,BOOL,219.02,,,BOOL,269.02,
,,BOOL,169.03,,,BOOL,219.03,,,BOOL,269.03,
,,BOOL,169.04,,,BOOL,219.04,,,BOOL,269.04,
,,BOOL,169.05,,,BOOL,219.05,,,BOOL,269.05,
,,BOOL,169.06,,,BOOL,219.06,,,BOOL,269.06,
,,BOOL,169.07,,,BOOL,219.07,,,BOOL,269.07,
,,BOOL,169.08,,,BOOL,219.08,,,BOOL,269.08,
,,BOOL,169.09,,,BOOL,219.09,,,BOOL,269.09,
,,BOOL,169.10,,,BOOL,219.10,,,BOOL,269.10,
,,BOOL,169.11,,,BOOL,219.11,,,BOOL,269.11,
,,BOOL,169.12,,,BOOL,219.12,,,BOOL,269.12,
,,BOOL,169.13,,,BOOL,219.13,,,BOOL,269.13,
,,BOOL,169.14,,,BOOL,219.14,,,BOOL,269.14,
,,BOOL,169.15,,,BOOL,219.15,,,BOOL,269.15,
,,CHANNEL,170,Название,,CHANNEL,220,Название,,CHANNEL,270,Название
,,BOOL,170.00,,,BOOL,220.00,,,BOOL,270.00,
,,BOOL,170.01,,,BOOL,220.01,,,BOOL,270.01,
,,BOOL,170.02,,,BOOL,220.02,,,BOOL,270.02,
,,BOOL,170.03,,,BOOL,220.03,,,BOOL,270.03,
,,BOOL,170.04,,,BOOL,220.04,,,BOOL,270.04,
,,BOOL,170.05,,,BOOL,220.05,,,BOOL,270.05,
,,BOOL,170.06,,,BOOL,220.06,,,BOOL,270.06,
,,BOOL,170.07,,,BOOL,220.07,,,BOOL,270.07,
,,BOOL,170.08,,,BOOL,220.08,,,BOOL,270.08,
,,BOOL,170.09,,,BOOL,220.09,,,BOOL,270.09,
,,BOOL,170.10,,,BOOL,220.10,,,BOOL,270.10,
,,BOOL,170.11,,,BOOL,220.11,,,BOOL,270.11,
,,BOOL,170.12,,,BOOL,220.12,,,BOOL,270.12,
,,BOOL,170.13,,,BOOL,220.13,,,BOOL,270.13,
,,BOOL,170.14,,,BOOL,220.14,,,BOOL,270.14,
,,BOOL,170.15,,,BOOL,220.15,,,BOOL,270.15,
,,CHANNEL,171,Название,,CHANNEL,221,Название,,CHANNEL,271,Название
,,BOOL,171.00,,,BOOL,221.00,,,BOOL,271.00,
,,BOOL,171.01,,,BOOL,221.01,,,BOOL,271.01,
,,BOOL,171.02,,,BOOL,221.02,,,BOOL,271.02,
,,BOOL,171.03,,,BOOL,221.03,,,BOOL,271.03,
,,BOOL,171.04,,,BOOL,221.04,,,BOOL,271.04,
,,BOOL,171.05,,,BOOL,221.05,,,BOOL,271.05,
,,BOOL,171.06,,,BOOL,221.06,,,BOOL,271.06,
,,BOOL,171.07,,,BOOL,221.07,,,BOOL,271.07,
,,BOOL,171.08,,,BOOL,221.08,,,BOOL,271.08,
,,BOOL,171.09,,,BOOL,221.09,,,BOOL,271.09,
,,BOOL,171.10,,,BOOL,221.10,,,BOOL,271.10,
,,BOOL,171.11,,,BOOL,221.11,,,BOOL,271.11,
,,BOOL,171.12,,,BOOL,221.12,,,BOOL,271.12,
,,BOOL,171.13,,,BOOL,221.13,,,BOOL,271.13,
,,BOOL,171.14,,,BOOL,221.14,,,BOOL,271.14,
,,BOOL,171.15,,,BOOL,221.15,,,BOOL,271.15,
,,CHANNEL,172,Название,,CHANNEL,222,Название,,CHANNEL,272,Название
,,BOOL,172.00,,,BOOL,222.00,,,BOOL,272.00,
,,BOOL,172.01,,,BOOL,222.01,,,BOOL,272.01,
,,BOOL,172.02,,,BOOL,222.02,,,BOOL,272.02,
,,BOOL,172.03,,,BOOL,222.03,,,BOOL,272.03,
,,BOOL,172.04,,,BOOL,222.04,,,BOOL,272.04,
,,BOOL,172.05,,,BOOL,222.05,,,BOOL,272.05,
,,BOOL,172.06,,,BOOL,222.06,,,BOOL,272.06,
,,BOOL,172.07,,,BOOL,222.07,,,BOOL,272.07,
,,BOOL,172.08,,,BOOL,222.08,,,BOOL,272.08,
,,BOOL,172.09,,,BOOL,222.09,,,BOOL,272.09,
,,BOOL,172.10,,,BOOL,222.10,,,BOOL,272.10,
,,BOOL,172.11,,,BOOL,222.11,,,BOOL,272.11,
,,BOOL,172.12,,,BOOL,222.12,,,BOOL,272.12,
,,BOOL,172.13,,,BOOL,222.13,,,BOOL,272.13,
,,BOOL,172.14,,,BOOL,222.14,,,BOOL,272.14,
,,BOOL,172.15,,,BOOL,222.15,,,BOOL,272.15,
,,CHANNEL,173,Название,,CHANNEL,223,Название,,CHANNEL,273,Название
,,BOOL,173.00,,,BOOL,223.00,,,BOOL,273.00,
,,BOOL,173.01,,,BOOL,223.01,,,BOOL,273.01,
,,BOOL,173.02,,,BOOL,223.02,,,BOOL,273.02,
,,BOOL,173.03,,,BOOL,223.03,,,BOOL,273.03,
,,BOOL,173.04,,,BOOL,223.04,,,BOOL,273.04,
,,BOOL,173.05,,,BOOL,223.05,,,BOOL,273.05,
,,BOOL,173.06,,,BOOL,223.06,,,BOOL,273.06,
,,BOOL,173.07,,,BOOL,223.07,,,BOOL,273.07,
,,BOOL,173.08,,,BOOL,223.08,,,BOOL,273.08,
,,BOOL,173.09,,,BOOL,223.09,,,BOOL,273.09,
,,BOOL,173.10,,,BOOL,223.10,,,BOOL,273.10,
,,BOOL,173.11,,,BOOL,223.11,,,BOOL,273.11,
,,BOOL,173.12,,,BOOL,223.12,,,BOOL,273.12,
,,BOOL,173.13,,,BOOL,223.13,,,BOOL,273.13,
,,BOOL,173.14,,,BOOL,223.14,,,BOOL,273.14,
,,BOOL,173.15,,,BOOL,223.15,,,BOOL,273.15,
,,CHANNEL,174,Название,,CHANNEL,224,Название,,CHANNEL,274,Название
,,BOOL,174.00,,,BOOL,224.00,,,BOOL,274.00,
,,BOOL,174.01,,,BOOL,224.01,,,BOOL,274.01,
,,BOOL,174.02,,,BOOL,224.02,,,BOOL,274.02,
,,BOOL,174.03,,,BOOL,224.03,,,BOOL,274.03,
,,BOOL,174.04,,,BOOL,224.04,,,BOOL,274.04,
,,BOOL,174.05,,,BOOL,224.05,,,BOOL,274.05,
,,BOOL,174.06,,,BOOL,224.06,,,BOOL,274.06,
,,BOOL,174.07,,,BOOL,224.07,,,BOOL,274.07,
,,BOOL,174.08,,,BOOL,224.08,,,BOOL,274.08,
,,BOOL,174.09,,,BOOL,224.09,,,BOOL,274.09,
,,BOOL,174.10,,,BOOL,224.10,,,BOOL,274.10,
,,BOOL,174.11,,,BOOL,224.11,,,BOOL,274.11,
,,BOOL,174.12,,,BOOL,224.12,,,BOOL,274.12,
,,BOOL,174.13,,,BOOL,224.13,,,BOOL,274.13,
,,BOOL,174.14,,,BOOL,224.14,,,BOOL,274.14,
,,BOOL,174.15,,,BOOL,224.15,,,BOOL,274.15,
,,CHANNEL,175,Название,,CHANNEL,225,Название,,CHANNEL,275,Название
,,BOOL,175.00,,,BOOL,225.00,,,BOOL,275.00,
,,BOOL,175.01,,,BOOL,225.01,,,BOOL,275.01,
,,BOOL,175.02,,,BOOL,225.02,,,BOOL,275.02,
,,BOOL,175.03,,,BOOL,225.03,,,BOOL,275.03,
,,BOOL,175.04,,,BOOL,225.04,,,BOOL,275.04,
,,BOOL,175.05,,,BOOL,225.05,,,BOOL,275.05,
,,BOOL,175.06,,,BOOL,225.06,,,BOOL,275.06,
,,BOOL,175.07,,,BOOL,225.07,,,BOOL,275.07,
,,BOOL,175.08,,,BOOL,225.08,,,BOOL,275.08,
,,BOOL,175.09,,,BOOL,225.09,,,BOOL,275.09,
,,BOOL,175.10,,,BOOL,225.10,,,BOOL,275.10,
,,BOOL,175.11,,,BOOL,225.11,,,BOOL,275.11,
,,BOOL,175.12,,,BOOL,225.12,,,BOOL,275.12,
,,BOOL,175.13,,,BOOL,225.13,,,BOOL,275.13,
,,BOOL,175.14,,,BOOL,225.14,,,BOOL,275.14,
,,BOOL,175.15,,,BOOL,225.15,,,BOOL,275.15,
,,CHANNEL,176,Название,,CHANNEL,226,Название,,CHANNEL,276,Название
,,BOOL,176.00,,,BOOL,226.00,,,BOOL,276.00,
,,BOOL,176.01,,,BOOL,226.01,,,BOOL,276.01,
,,BOOL,176.02,,,BOOL,226.02,,,BOOL,276.02,
,,BOOL,176.03,,,BOOL,226.03,,,BOOL,276.03,
,,BOOL,176.04,,,BOOL,226.04,,,BOOL,276.04,
,,BOOL,176.05,,,BOOL,226.05,,,BOOL,276.05,
,,BOOL,176.06,,,BOOL,226.06,,,BOOL,276.06,
,,BOOL,176.07,,,BOOL,226.07,,,BOOL,276.07,
,,BOOL,176.08,,,BOOL,226.08,,,BOOL,276.08,
,,BOOL,176.09,,,BOOL,226.09,,,BOOL,276.09,
,,BOOL,176.10,,,BOOL,226.10,,,BOOL,276.10,
,,BOOL,176.11,,,BOOL,226.11,,,BOOL,276.11,
,,BOOL,176.12,,,BOOL,226.12,,,BOOL,276.12,
,,BOOL,176.13,,,BOOL,226.13,,,BOOL,276.13,
,,BOOL,176.14,,,BOOL,226.14,,,BOOL,276.14,
,,BOOL,176.15,,,BOOL,226.15,,,BOOL,276.15,
,,CHANNEL,177,Название,,CHANNEL,227,Название,,CHANNEL,277,Название
,,BOOL,177.00,,,BOOL,227.00,,,BOOL,277.00,
,,BOOL,177.01,,,BOOL,227.01,,,BOOL,277.01,
,,BOOL,177.02,,,BOOL,227.02,,,BOOL,277.02,
,,BOOL,177.03,,,BOOL,227.03,,,BOOL,277.03,
,,BOOL,177.04,,,BOOL,227.04,,,BOOL,277.04,
,,BOOL,177.05,,,BOOL,227.05,,,BOOL,277.05,
,,BOOL,177.06,,,BOOL,227.06,,,BOOL,277.06,
,,BOOL,177.07,,,BOOL,227.07,,,BOOL,277.07,
,,BOOL,177.08,,,BOOL,227.08,,,BOOL,277.08,
,,BOOL,177.09,,,BOOL,227.09,,,BOOL,277.09,
,,BOOL,177.10,,,BOOL,227.10,,,BOOL,277.10,
,,BOOL,177.11,,,BOOL,227.11,,,BOOL,277.11,
,,BOOL,177.12,,,BOOL,227.12,,,BOOL,277.12,
,,BOOL,177.13,,,BOOL,227.13,,,BOOL,277.13,
,,BOOL,177.14,,,BOOL,227.14,,,BOOL,277.14,
,,BOOL,177.15,,,BOOL,227.15,,,BOOL,277.15,
,,CHANNEL,178,Название,,CHANNEL,228,Название,,CHANNEL,278,Название
,,BOOL,178.00,,,BOOL,228.00,,,BOOL,278.00,
,,BOOL,178.01,,,BOOL,228.01,,,BOOL,278.01,
,,BOOL,178.02,,,BOOL,228.02,,,BOOL,278.02,
,,BOOL,178.03,,,BOOL,228.03,,,BOOL,278.03,
,,BOOL,178.04,,,BOOL,228.04,,,BOOL,278.04,
,,BOOL,178.05,,,BOOL,228.05,,,BOOL,278.05,
,,BOOL,178.06,,,BOOL,228.06,,,BOOL,278.06,
,,BOOL,178.07,,,BOOL,228.07,,,BOOL,278.07,
,,BOOL,178.08,,,BOOL,228.08,,,BOOL,278.08,
,,BOOL,178.09,,,BOOL,228.09,,,BOOL,278.09,
,,BOOL,178.10,,,BOOL,228.10,,,BOOL,278.10,
,,BOOL,178.11,,,BOOL,228.11,,,BOOL,278.11,
,,BOOL,178.12,,,BOOL,228.12,,,BOOL,278.12,
,,BOOL,178.13,,,BOOL,228.13,,,BOOL,278.13,
,,BOOL,178.14,,,BOOL,228.14,,,BOOL,278.14,
,,BOOL,178.15,,,BOOL,228.15,,,BOOL,278.15,
,,CHANNEL,179,Название,,CHANNEL,229,Название,,CHANNEL,279,Название
,,BOOL,179.00,,,BOOL,229.00,,,BOOL,279.00,
,,BOOL,179.01,,,BOOL,229.01,,,BOOL,279.01,
,,BOOL,179.02,,,BOOL,229.02,,,BOOL,279.02,
,,BOOL,179.03,,,BOOL,229.03,,,BOOL,279.03,
,,BOOL,179.04,,,BOOL,229.04,,,BOOL,279.04,
,,BOOL,179.05,,,BOOL,229.05,,,BOOL,279.05,
,,BOOL,179.06,,,BOOL,229.06,,,BOOL,279.06,
,,BOOL,179.07,,,BOOL,229.07,,,BOOL,279.07,
,,BOOL,179.08,,,BOOL,229.08,,,BOOL,279.08,
,,BOOL,179.09,,,BOOL,229.09,,,BOOL,279.09,
,,BOOL,179.10,,,BOOL,229.10,,,BOOL,279.10,
,,BOOL,179.11,,,BOOL,229.11,,,BOOL,279.11,
,,BOOL,179.12,,,BOOL,229.12,,,BOOL,279.12,
,,BOOL,179.13,,,BOOL,229.13,,,BOOL,279.13,
,,BOOL,179.14,,,BOOL,229.14,,,BOOL,279.14,
,,BOOL,179.15,,,BOOL,229.15,,,BOOL,279.15,
,,CHANNEL,180,Название,,CHANNEL,230,Название,,CHANNEL,280,Название
,,BOOL,180.00,,,BOOL,230.00,,,BOOL,280.00,
,,BOOL,180.01,,,BOOL,230.01,,,BOOL,280.01,
,,BOOL,180.02,,,BOOL,230.02,,,BOOL,280.02,
,,BOOL,180.03,,,BOOL,230.03,,,BOOL,280.03,
,,BOOL,180.04,,,BOOL,230.04,,,BOOL,280.04,
,,BOOL,180.05,,,BOOL,230.05,,,BOOL,280.05,
,,BOOL,180.06,,,BOOL,230.06,,,BOOL,280.06,
,,BOOL,180.07,,,BOOL,230.07,,,BOOL,280.07,
,,BOOL,180.08,,,BOOL,230.08,,,BOOL,280.08,
,,BOOL,180.09,,,BOOL,230.09,,,BOOL,280.09,
,,BOOL,180.10,,,BOOL,230.10,,,BOOL,280.10,
,,BOOL,180.11,,,BOOL,230.11,,,BOOL,280.11,
,,BOOL,180.12,,,BOOL,230.12,,,BOOL,280.12,
,,BOOL,180.13,,,BOOL,230.13,,,BOOL,280.13,
,,BOOL,180.14,,,BOOL,230.14,,,BOOL,280.14,
,,BOOL,180.15,,,BOOL,230.15,,,BOOL,280.15,
,,CHANNEL,181,Название,,CHANNEL,231,Название,,CHANNEL,281,Название
,,BOOL,181.00,,,BOOL,231.00,,,BOOL,281.00,
,,BOOL,181.01,,,BOOL,231.01,,,BOOL,281.01,
,,BOOL,181.02,,,BOOL,231.02,,,BOOL,281.02,
,,BOOL,181.03,,,BOOL,231.03,,,BOOL,281.03,
,,BOOL,181.04,,,BOOL,231.04,,,BOOL,281.04,
,,BOOL,181.05,,,BOOL,231.05,,,BOOL,281.05,
,,BOOL,181.06,,,BOOL,231.06,,,BOOL,281.06,
,,BOOL,181.07,,,BOOL,231.07,,,BOOL,281.07,
,,BOOL,181.08,,,BOOL,231.08,,,BOOL,281.08,
,,BOOL,181.09,,,BOOL,231.09,,,BOOL,281.09,
,,BOOL,181.10,,,BOOL,231.10,,,BOOL,281.10,
,,BOOL,181.11,,,BOOL,231.11,,,BOOL,281.11,
,,BOOL,181.12,,,BOOL,231.12,,,BOOL,281.12,
,,BOOL,181.13,,,BOOL,231.13,,,BOOL,281.13,
,,BOOL,181.14,,,BOOL,231.14,,,BOOL,281.14,
,,BOOL,181.15,,,BOOL,231.15,,,BOOL,281.15,
,,CHANNEL,182,Название,,CHANNEL,232,Название,,CHANNEL,282,Название
,,BOOL,182.00,,,BOOL,232.00,,,BOOL,282.00,
,,BOOL,182.01,,,BOOL,232.01,,,BOOL,282.01,
,,BOOL,182.02,,,BOOL,232.02,,,BOOL,282.02,
,,BOOL,182.03,,,BOOL,232.03,,,BOOL,282.03,
,,BOOL,182.04,,,BOOL,232.04,,,BOOL,282.04,
,,BOOL,182.05,,,BOOL,232.05,,,BOOL,282.05,
,,BOOL,182.06,,,BOOL,232.06,,,BOOL,282.06,
,,BOOL,182.07,,,BOOL,232.07,,,BOOL,282.07,
,,BOOL,182.08,,,BOOL,232.08,,,BOOL,282.08,
,,BOOL,182.09,,,BOOL,232.09,,,BOOL,282.09,
,,BOOL,182.10,,,BOOL,232.10,,,BOOL,282.10,
,,BOOL,182.11,,,BOOL,232.11,,,BOOL,282.11,
,,BOOL,182.12,,,BOOL,232.12,,,BOOL,282.12,
,,BOOL,182.13,,,BOOL,232.13,,,BOOL,282.13,
,,BOOL,182.14,,,BOOL,232.14,,,BOOL,282.14,
,,BOOL,182.15,,,BOOL,232.15,,,BOOL,282.15,
,,CHANNEL,183,Название,,CHANNEL,233,Название,,CHANNEL,283,Название
,,BOOL,183.00,,,BOOL,233.00,,,BOOL,283.00,
,,BOOL,183.01,,,BOOL,233.01,,,BOOL,283.01,
,,BOOL,183.02,,,BOOL,233.02,,,BOOL,283.02,
,,BOOL,183.03,,,BOOL,233.03,,,BOOL,283.03,
,,BOOL,183.04,,,BOOL,233.04,,,BOOL,283.04,
,,BOOL,183.05,,,BOOL,233.05,,,BOOL,283.05,
,,BOOL,183.06,,,BOOL,233.06,,,BOOL,283.06,
,,BOOL,183.07,,,BOOL,233.07,,,BOOL,283.07,
,,BOOL,183.08,,,BOOL,233.08,,,BOOL,283.08,
,,BOOL,183.09,,,BOOL,233.09,,,BOOL,283.09,
,,BOOL,183.10,,,BOOL,233.10,,,BOOL,283.10,
,,BOOL,183.11,,,BOOL,233.11,,,BOOL,283.11,
,,BOOL,183.12,,,BOOL,233.12,,,BOOL,283.12,
,,BOOL,183.13,,,BOOL,233.13,,,BOOL,283.13,
,,BOOL,183.14,,,BOOL,233.14,,,BOOL,283.14,
,,BOOL,183.15,,,BOOL,233.15,,,BOOL,283.15,
,,CHANNEL,184,Название,,CHANNEL,234,Название,,CHANNEL,284,Название
,,BOOL,184.00,,,BOOL,234.00,,,BOOL,284.00,
,,BOOL,184.01,,,BOOL,234.01,,,BOOL,284.01,
,,BOOL,184.02,,,BOOL,234.02,,,BOOL,284.02,
,,BOOL,184.03,,,BOOL,234.03,,,BOOL,284.03,
,,BOOL,184.04,,,BOOL,234.04,,,BOOL,284.04,
,,BOOL,184.05,,,BOOL,234.05,,,BOOL,284.05,
,,BOOL,184.06,,,BOOL,234.06,,,BOOL,284.06,
,,BOOL,184.07,,,BOOL,234.07,,,BOOL,284.07,
,,BOOL,184.08,,,BOOL,234.08,,,BOOL,284.08,
,,BOOL,184.09,,,BOOL,234.09,,,BOOL,284.09,
,,BOOL,184.10,,,BOOL,234.10,,,BOOL,284.10,
,,BOOL,184.11,,,BOOL,234.11,,,BOOL,284.11,
,,BOOL,184.12,,,BOOL,234.12,,,BOOL,284.12,
,,BOOL,184.13,,,BOOL,234.13,,,BOOL,284.13,
,,BOOL,184.14,,,BOOL,234.14,,,BOOL,284.14,
,,BOOL,184.15,,,BOOL,234.15,,,BOOL,284.15,
,,CHANNEL,185,Название,,CHANNEL,235,Название,,CHANNEL,285,Название
,,BOOL,185.00,,,BOOL,235.00,,,BOOL,285.00,
,,BOOL,185.01,,,BOOL,235.01,,,BOOL,285.01,
,,BOOL,185.02,,,BOOL,235.02,,,BOOL,285.02,
,,BOOL,185.03,,,BOOL,235.03,,,BOOL,285.03,
,,BOOL,185.04,,,BOOL,235.04,,,BOOL,285.04,
,,BOOL,185.05,,,BOOL,235.05,,,BOOL,285.05,
,,BOOL,185.06,,,BOOL,235.06,,,BOOL,285.06,
,,BOOL,185.07,,,BOOL,235.07,,,BOOL,285.07,
,,BOOL,185.08,,,BOOL,235.08,,,BOOL,285.08,
,,BOOL,185.09,,,BOOL,235.09,,,BOOL,285.09,
,,BOOL,185.10,,,BOOL,235.10,,,BOOL,285.10,
,,BOOL,185.11,,,BOOL,235.11,,,BOOL,285.11,
,,BOOL,185.12,,,BOOL,235.12,,,BOOL,285.12,
,,BOOL,185.13,,,BOOL,235.13,,,BOOL,285.13,
,,BOOL,185.14,,,BOOL,235.14,,,BOOL,285.14,
,,BOOL,185.15,,,BOOL,235.15,,,BOOL,285.15,
,,CHANNEL,186,Название,,CHANNEL,236,Название,,CHANNEL,286,Название
,,BOOL,186.00,,,BOOL,236.00,,,BOOL,286.00,
,,BOOL,186.01,,,BOOL,236.01,,,BOOL,286.01,
,,BOOL,186.02,,,BOOL,236.02,,,BOOL,286.02,
,,BOOL,186.03,,,BOOL,236.03,,,BOOL,286.03,
,,BOOL,186.04,,,BOOL,236.04,,,BOOL,286.04,
,,BOOL,186.05,,,BOOL,236.05,,,BOOL,286.05,
,,BOOL,186.06,,,BOOL,236.06,,,BOOL,286.06,
,,BOOL,186.07,,,BOOL,236.07,,,BOOL,286.07,
,,BOOL,186.08,,,BOOL,236.08,,,BOOL,286.08,
,,BOOL,186.09,,,BOOL,236.09,,,BOOL,286.09,
,,BOOL,186.10,,,BOOL,236.10,,,BOOL,286.10,
,,BOOL,186.11,,,BOOL,236.11,,,BOOL,286.11,
,,BOOL,186.12,,,BOOL,236.12,,,BOOL,286.12,
,,BOOL,186.13,,,BOOL,236.13,,,BOOL,286.13,
,,BOOL,186.14,,,BOOL,236.14,,,BOOL,286.14,
,,BOOL,186.15,,,BOOL,236.15,,,BOOL,286.15,
,,CHANNEL,187,Название,,CHANNEL,237,Название,,CHANNEL,287,Название
,,BOOL,187.00,,,BOOL,237.00,,,BOOL,287.00,
,,BOOL,187.01,,,BOOL,237.01,,,BOOL,287.01,
,,BOOL,187.02,,,BOOL,237.02,,,BOOL,287.02,
,,BOOL,187.03,,,BOOL,237.03,,,BOOL,287.03,
,,BOOL,187.04,,,BOOL,237.04,,,BOOL,287.04,
,,BOOL,187.05,,,BOOL,237.05,,,BOOL,287.05,
,,BOOL,187.06,,,BOOL,237.06,,,BOOL,287.06,
,,BOOL,187.07,,,BOOL,237.07,,,BOOL,287.07,
,,BOOL,187.08,,,BOOL,237.08,,,BOOL,287.08,
,,BOOL,187.09,,,BOOL,237.09,,,BOOL,287.09,
,,BOOL,187.10,,,BOOL,237.10,,,BOOL,287.10,
,,BOOL,187.11,,,BOOL,237.11,,,BOOL,287.11,
,,BOOL,187.12,,,BOOL,237.12,,,BOOL,287.12,
,,BOOL,187.13,,,BOOL,237.13,,,BOOL,287.13,
,,BOOL,187.14,,,BOOL,237.14,,,BOOL,287.14,
,,BOOL,187.15,,,BOOL,237.15,,,BOOL,287.15,
,,CHANNEL,188,Название,,CHANNEL,238,Название,,CHANNEL,288,Название
,,BOOL,188.00,,,BOOL,238.00,,,BOOL,288.00,
,,BOOL,188.01,,,BOOL,238.01,,,BOOL,288.01,
,,BOOL,188.02,,,BOOL,238.02,,,BOOL,288.02,
,,BOOL,188.03,,,BOOL,238.03,,,BOOL,288.03,
,,BOOL,188.04,,,BOOL,238.04,,,BOOL,288.04,
,,BOOL,188.05,,,BOOL,238.05,,,BOOL,288.05,
,,BOOL,188.06,,,BOOL,238.06,,,BOOL,288.06,
,,BOOL,188.07,,,BOOL,238.07,,,BOOL,288.07,
,,BOOL,188.08,,,BOOL,238.08,,,BOOL,288.08,
,,BOOL,188.09,,,BOOL,238.09,,,BOOL,288.09,
,,BOOL,188.10,,,BOOL,238.10,,,BOOL,288.10,
,,BOOL,188.11,,,BOOL,238.11,,,BOOL,288.11,
,,BOOL,188.12,,,BOOL,238.12,,,BOOL,288.12,
,,BOOL,188.13,,,BOOL,238.13,,,BOOL,288.13,
,,BOOL,188.14,,,BOOL,238.14,,,BOOL,288.14,
,,BOOL,188.15,,,BOOL,238.15,,,BOOL,288.15,
,,CHANNEL,189,Название,,CHANNEL,239,Название,,CHANNEL,289,Название
,,BOOL,189.00,,,BOOL,239.00,,,BOOL,289.00,
,,BOOL,189.01,,,BOOL,239.01,,,BOOL,289.01,
,,BOOL,189.02,,,BOOL,239.02,,,BOOL,289.02,
,,BOOL,189.03,,,BOOL,239.03,,,BOOL,289.03,
,,BOOL,189.04,,,BOOL,239.04,,,BOOL,289.04,
,,BOOL,189.05,,,BOOL,239.05,,,BOOL,289.05,
,,BOOL,189.06,,,BOOL,239.06,,,BOOL,289.06,
,,BOOL,189.07,,,BOOL,239.07,,,BOOL,289.07,
,,BOOL,189.08,,,BOOL,239.08,,,BOOL,289.08,
,,BOOL,189.09,,,BOOL,239.09,,,BOOL,289.09,
,,BOOL,189.10,,,BOOL,239.10,,,BOOL,289.10,
,,BOOL,189.11,,,BOOL,239.11,,,BOOL,289.11,
,,BOOL,189.12,,,BOOL,239.12,,,BOOL,289.12,
,,BOOL,189.13,,,BOOL,239.13,,,BOOL,289.13,
,,BOOL,189.14,,,BOOL,239.14,,,BOOL,289.14,
,,BOOL,189.15,,,BOOL,239.15,,,BOOL,289.15,